X,Y,NUMBER,NAME,PERIOD,icon_url
94.867767,21.170767,,Ananda Temple,,./0.png
94.862909,21.168615,,That-byin-nyu Temple,,./0.png
94.857798,21.175961,,Bu_Payar,,./0.png
94.87293,21.162037,,Dhamma_Yan_Gyi,,./0.png
94.850291,21.126812,,Law-Ka-Nanda,,./0.png
94.861163,21.158596,,Gu-byauk-nge,,./0.png
94.860737,21.157116,,Gu-byauk-gyi,,./0.png
94.859301,21.147681,,Na-ga-yon Temple,,./0.png
94.861381,21.149966,,Kya-sin,,./0.png
94.857735,21.14875,,Ape-ya-da-na Temple,,./0.png
94.858883,21.152318,,Nan-paya,,./0.png
94.859257,21.153189,,Ma-nu-ha Temple,,./0.png
94.857394,21.146882,,Soe-min-gyi stupa,,./0.png
94.859245,21.141506,,Sein-nyet-Nyiama,,./0.png
94.88343,21.148493,,Ku-tha,,./0.png
94.882092,21.149107,,Tha-muti,,./0.png
94.86827,21.140385,,Ta-ma-ni complex,,./0.png
94.861998,21.121381,,Kyaung-gyi ama,,./0.png
94.8623,21.121347,,Kyaung-gyi Nyima,,./0.png
94.852499,21.119234,,Tha-yar-wa-tee,,./0.png
94.86877,21.135298,,Sin-Paung,,./0.png
94.854995,21.136745,,Thin-ga-ya-za,,./0.png
94.883516,21.145096,,Dhamma-ya-za-ka,,./0.png
94.858876,21.117231,,Say-ta-nar-gyi,,./0.png
94.858783,21.141486,,,,./0.png
94.865975,21.176174,,Pi-ta-kat Temple,,./0.png
94.863593,21.171034,,Pi-ta-kat Temple,,./0.png
94.864201,21.170609,,Ta-bet-kya,,./0.png
94.862431,21.170613,,Shwe-gu-gyi,,./0.png
94.858798,21.166439,,Mi-nyein-gon,,./0.png
94.858711,21.165603,,Nwa-pya-gu,,./0.png
94.860293,21.165695,,Myin-pya-gu,,./0.png
94.861281,21.164189,,Gu-taw-t,,./0.png
94.865575,21.163231,,Shin-bin-tha-hlyaung,,./0.png
94.862262,21.162927,,Thein-mazi,,./0.png
94.862993,21.161927,,Law-ka-oak-shaung,,./0.png
94.856574,21.169784,,Gaw-daw-palin,,./0.png
94.857777,21.172033,,Atwin-zigon,,./0.png
94.860547,21.172977,,Ma-ha-bodi,,./0.png
94.866164,21.163657,,Shwe-san-daw,,./0.png
94.861353,21.157057,,Mya-zaydi,,./0.png
94.85782,21.16113,,Mingala-zaydi,,./0.png
94.860389,21.148116,,Lay-Myant-Nar,,./0.png
94.876355,21.179501,,U-pa-li-thein,,./0.png
94.874792,21.178616,,Payar-nga-su group,,./0.png
94.879362,21.178501,,Hti-lo-min-lo,,./0.png
94.881927,21.183911,"249",Tha-kya-hi,,./0.png
94.882169,21.185439,"235",Tha-kya-bon,,./0.png
94.882399,21.180809,"259",Shwe-leik-too,,./0.png
94.893911,21.195248,"1",Shwe-zigon,,./0.png
94.893416,21.191824,"65",Kyan-zit-tha-Umin,,./0.png
94.893661,21.185792,"298",Ku-byauk-gyi,,./0.png
94.891019,21.184972,"285",Ku-byauk-nge,,./0.png
94.906807,21.194772,"187",Sapada,,./0.png
94.923073,21.205759,"135",Guni,,./0.png
94.924327,21.208216,"136",,,./0.png
94.928011,21.206913,"151",Kon-daw-gyi,,./0.png
94.927947,21.207777,"147",Tha-kya-muni,,./0.png
94.935631,21.20492,"154",Kyauk-ku-min,,./0.png
94.935962,21.204253,"155",Yatsauk,,./0.png
94.935807,21.207919,"156",Taung-hteik-payar,,./0.png
94.882588,21.176734,"374",Alopyi-payar,,./0.png
94.890556,21.183162,"291",Shin-bome-ok-kyaung,,./0.png
94.881776,21.175924,"392",,,./0.png
94.881919,21.173768,"394",Bu-le-thi,,./0.png
94.874183,21.172271,"1791",Lokah-man-kin,,./0.png
94.876327,21.171971,"1774",Pagan-hmyaw,,./0.png
94.881343,21.164949,"748",Sula-mani,,./0.png
94.889244,21.158308,"803",Pya-tha-da-gyi,,./0.png
94.891143,21.145089,,Hsu-taung-pyi comple,,./0.png
94.8916,21.145554,,,,./0.png
94.891591,21.145658,,,,./0.png
94.890904,21.145523,,,,./0.png
94.889704,21.14472,"918",Thisawadi,,./0.png
94.887795,21.142962,"926",Thamathi,,./0.png
94.902235,21.160618,,Lay-Myant-narcomplex,,./0.png
94.901839,21.160367,,,,./0.png
94.902301,21.16032,,,,./0.png
94.900854,21.162802,"539",Tayokpyi,,./0.png
94.903412,21.162107,"478",,,./0.png
94.903478,21.162106,"479",Hpayathonzu,,./0.png
94.903342,21.162107,"477",,,./0.png
94.904194,21.163016,"482",Thanbula,,./0.png
94.905283,21.165951,"577",Nandamanya,,./0.png
94.905965,21.170343,"588",Ajjagona,,./0.png
94.903745,21.169606,"659",Winido,,./0.png
94.895554,21.163302,,,,./0.png
94.895493,21.162667,"697",Hsinbyushin complex,,./0.png
94.87367,21.169037,,Shwenanyintaw comple,,./0.png
94.853224,21.1294,,,,./0.png
94.85283,21.129283,,,,./0.png
94.853862,21.128502,,,,./0.png
94.855897,21.130707,,,,./0.png
94.854154,21.134223,,,,./0.png
94.855435,21.134712,,,,./0.png
94.854601,21.13427,,,,./0.png
94.856382,21.135691,,,,./0.png
94.856392,21.135601,,,,./0.png
94.856423,21.135522,,,,./0.png
94.856432,21.135422,,,,./0.png
94.856581,21.135431,,,,./0.png
94.855113,21.137108,,,,./0.png
94.855251,21.137018,,,,./0.png
94.857261,21.13805,,,,./0.png
94.85825,21.138144,,,,./0.png
94.858112,21.138145,,,,./0.png
94.858348,21.138322,,,,./0.png
94.858263,21.138273,,,,./0.png
94.858188,21.138274,,,,./0.png
94.858124,21.138274,,,,./0.png
94.85805,21.138254,,,,./0.png
94.856811,21.137755,,,,./0.png
94.856831,21.137675,,,,./0.png
94.856937,21.137664,,,,./0.png
94.857012,21.137694,,,,./0.png
94.857119,21.137743,,,,./0.png
94.855202,21.139194,,,,./0.png
94.855089,21.139443,,,,./0.png
94.854937,21.139245,,,,./0.png
94.855075,21.139214,,,,./0.png
94.855219,21.1397,,,,./0.png
94.855113,21.139691,,,,./0.png
94.856783,21.138967,,,,./0.png
94.853926,21.144406,,,,./0.png
94.854753,21.144213,,,,./0.png
94.854875,21.144629,,,,./0.png
94.857149,21.143763,,,,./0.png
94.857444,21.146115,,,,./0.png
94.856324,21.147542,,,,./0.png
94.855932,21.146799,,,,./0.png
94.854819,21.147053,,,,./0.png
94.858439,21.149358,,,,./0.png
94.859645,21.149729,,,,./0.png
94.860148,21.150004,,,,./0.png
94.858661,21.150946,,,,./0.png
94.858657,21.150619,,,,./0.png
94.858016,21.150344,,,,./0.png
94.857903,21.148954,,,,./0.png
94.858094,21.148933,,,,./0.png
94.857894,21.149083,,,,./0.png
94.860452,21.152317,,,,./0.png
94.860866,21.156646,,,,./0.png
94.860938,21.156487,,,,./0.png
94.860714,21.156428,,,,./0.png
94.860145,21.158508,,,,./0.png
94.859789,21.159026,,,,./0.png
94.860049,21.159372,,,,./0.png
94.860199,21.159491,,,,./0.png
94.860127,21.15965,,,,./0.png
94.86014,21.159024,,,,./0.png
94.860141,21.159124,,,,./0.png
94.860428,21.159112,,,,./0.png
94.860676,21.159409,,,,./0.png
94.860594,21.159608,,,,./0.png
94.860513,21.16081,,,,./0.png
94.858034,21.158917,,,,./0.png
94.856085,21.15854,,,,./0.png
94.856598,21.158805,,,,./0.png
94.853779,21.158562,,,,./0.png
94.853726,21.160311,,,,./0.png
94.853685,21.16047,,,,./0.png
94.853622,21.16058,,,,./0.png
94.853932,21.160657,,,,./0.png
94.854017,21.160667,,,,./0.png
94.853823,21.161343,,,,./0.png
94.854139,21.158471,,,,./0.png
94.854256,21.15848,,,,./0.png
94.854952,21.158049,,,,./0.png
94.853703,21.157589,,,,./0.png
94.860193,21.161587,,,,./0.png
94.860211,21.161338,,,,./0.png
94.860143,21.161915,,,,./0.png
94.86023,21.162073,,,,./0.png
94.860274,21.162192,,,,./0.png
94.860222,21.162262,,,,./0.png
94.860213,21.162362,,,,./0.png
94.859952,21.1628,,,,./0.png
94.859817,21.163049,,,,./0.png
94.860033,21.163306,,,,./0.png
94.859666,21.162871,,,,./0.png
94.859583,21.163001,,,,./0.png
94.85875,21.162678,,,,./0.png
94.859004,21.162597,,,,./0.png
94.858504,21.16257,,,,./0.png
94.858799,21.162389,,,,./0.png
94.858522,21.162351,,,,./0.png
94.857733,21.162127,,,,./0.png
94.857742,21.161938,,,,./0.png
94.856971,21.162369,,,,./0.png
94.855949,21.162236,,,,./0.png
94.855908,21.162335,,,,./0.png
94.861441,21.163765,,,,./0.png
94.861516,21.163825,,,,./0.png
94.861518,21.163934,,,,./0.png
94.861572,21.164003,,,,./0.png
94.862309,21.164327,,,,./0.png
94.862776,21.165129,,,,./0.png
94.862662,21.165368,,,,./0.png
94.862685,21.165487,,,,./0.png
94.862642,21.165537,"1478",Sinmyarshin pagoda,,./0.png
94.85986,21.165731,,,,./0.png
94.859655,21.165444,,,,./0.png
94.859559,21.165455,,,,./0.png
94.861545,21.166189,,,,./0.png
94.861693,21.166138,,,,./0.png
94.862623,21.165696,,,,./0.png
94.857838,21.163775,,,,./0.png
94.857869,21.163656,,,,./0.png
94.857845,21.163477,,,,./0.png
94.857832,21.163289,,,,./0.png
94.861816,21.168383,,,,./0.png
94.861634,21.169099,,,,./0.png
94.861565,21.168712,,,,./0.png
94.861288,21.168614,,,,./0.png
94.860199,21.168242,,,,./0.png
94.858393,21.168292,,,,./0.png
94.857187,21.168795,,,,./0.png
94.857678,21.168952,,,,./0.png
94.858062,21.168185,"1605",Pahtotharmyar,,./0.png
94.861968,21.175584,,,,./0.png
94.861843,21.174978,,,,./0.png
94.86232,21.174837,,,,./0.png
94.862981,21.174972,,,,./0.png
94.861998,21.17456,,,,./0.png
94.860815,21.174308,,,,./0.png
94.860747,21.174865,,,,./0.png
94.860354,21.174907,,,,./0.png
94.860152,21.174868,,,,./0.png
94.861433,21.176222,,,,./0.png
94.861346,21.176064,,,,./0.png
94.861345,21.175964,,,,./0.png
94.862818,21.176433,,,,./0.png
94.862573,21.176454,,,,./0.png
94.862554,21.176584,,,,./0.png
94.862766,21.176553,,,,./0.png
94.85774,21.173213,,,,./0.png
94.857889,21.173232,,,,./0.png
94.864011,21.174927,,,,./0.png
94.864437,21.169769,,,,./0.png
94.86341,21.170072,,,,./0.png
94.862345,21.169909,,,,./0.png
94.862441,21.169909,,,,./0.png
94.859872,21.171065,,,,./0.png
94.858463,21.170556,,,,./0.png
94.858825,21.171478,,,,./0.png
94.866199,21.166918,,,,./0.png
94.865968,21.166313,,,,./0.png
94.865766,21.166285,,,,./0.png
94.867013,21.16745,,,,./0.png
94.867784,21.167933,,,,./0.png
94.867616,21.168043,,,,./0.png
94.867722,21.168052,,,,./0.png
94.867613,21.167864,,,,./0.png
94.867458,21.16555,,,,./0.png
94.867391,21.165332,,,,./0.png
94.868618,21.164799,,,,./0.png
94.868885,21.164907,,,,./0.png
94.868905,21.164827,,,,./0.png
94.868856,21.165195,,,,./0.png
94.869137,21.164716,,,,./0.png
94.869083,21.164617,,,,./0.png
94.869412,21.164606,,,,./0.png
94.866305,21.164325,,,,./0.png
94.867622,21.163354,,,,./0.png
94.86776,21.163363,,,,./0.png
94.867812,21.163234,,,,./0.png
94.8645,21.164414,,,,./0.png
94.863995,21.16398,,,,./0.png
94.864004,21.163881,,,,./0.png
94.864607,21.163649,,,,./0.png
94.864556,21.165517,,,,./0.png
94.8705,21.166606,,,,./0.png
94.870815,21.167181,,,,./0.png
94.870699,21.167231,,,,./0.png
94.870644,21.167082,,,,./0.png
94.87093,21.166981,,,,./0.png
94.871253,21.167397,,,,./0.png
94.870413,21.166438,,,,./0.png
94.870741,21.166307,,,,./0.png
94.868929,21.166833,,,,./0.png
94.872497,21.169118,,,,./0.png
94.872688,21.167359,,,,./0.png
94.868616,21.167252,,,,./0.png
94.872187,21.165484,,,,./0.png
94.87334,21.165915,,,,./0.png
94.873436,21.165954,,,,./0.png
94.873234,21.166839,,,,./0.png
94.873406,21.167017,,,,./0.png
94.867776,21.165499,,,,./0.png
94.87156,21.170713,,,,./0.png
94.870313,21.170422,,,,./0.png
94.870257,21.170263,,,,./0.png
94.871523,21.170326,,,,./0.png
94.874361,21.171174,,,,./0.png
94.875885,21.170639,,,,./0.png
94.875774,21.172031,,,,./0.png
94.875584,21.172101,,,,./0.png
94.875947,21.169675,,,,./0.png
94.875577,21.169777,,,,./0.png
94.87713,21.169887,,,,./0.png
94.877147,21.170434,,,,./0.png
94.877778,21.169884,,,,./0.png
94.878483,21.170168,,,,./0.png
94.878421,21.170327,,,,./0.png
94.878518,21.170426,,,,./0.png
94.87846,21.170903,,,,./0.png
94.878462,21.171012,,,,./0.png
94.87812,21.170875,,,,./0.png
94.878272,21.171172,,,,./0.png
94.878264,21.171341,,,,./0.png
94.878487,21.17136,,,,./0.png
94.878202,21.17154,,,,./0.png
94.87851,21.171449,,,,./0.png
94.875772,21.169219,,,,./0.png
94.877757,21.172447,,,,./0.png
94.877716,21.172586,,,,./0.png
94.876689,21.1729,,,,./0.png
94.879191,21.172429,,,,./0.png
94.879446,21.172427,,,,./0.png
94.879339,21.172329,,,,./0.png
94.87939,21.172159,,,,./0.png
94.879247,21.173471,,,,./0.png
94.879269,21.173571,,,,./0.png
94.878788,21.173365,,,,./0.png
94.878618,21.173346,,,,./0.png
94.880245,21.173396,,,,./0.png
94.880222,21.173247,,,,./0.png
94.881583,21.173339,,,,./0.png
94.881863,21.172742,,,,./0.png
94.877701,21.174016,,,,./0.png
94.877736,21.175089,,,,./0.png
94.877737,21.175198,,,,./0.png
94.878495,21.174568,,,,./0.png
94.878261,21.17457,,,,./0.png
94.87555,21.174545,,,,./0.png
94.874615,21.17453,,,,./0.png
94.874862,21.174757,,,,./0.png
94.875504,21.175141,,,,./0.png
94.875338,21.17545,,,,./0.png
94.875445,21.175499,,,,./0.png
94.873905,21.173908,,,,./0.png
94.873819,21.173829,,,,./0.png
94.873463,21.171646,,,,./0.png
94.881705,21.176338,,,,./0.png
94.88187,21.176755,,,,./0.png
94.882139,21.177021,,,,./0.png
94.881693,21.177083,,,,./0.png
94.881476,21.176707,,,,./0.png
94.881506,21.176568,,,,./0.png
94.881516,21.176479,,,,./0.png
94.88228,21.176375,,,,./0.png
94.882327,21.176752,,,,./0.png
94.882322,21.177249,,,,./0.png
94.88311,21.177364,,,,./0.png
94.883192,21.177115,,,,./0.png
94.881989,21.176069,,,,./0.png
94.882266,21.176087,,,,./0.png
94.882297,21.176007,,,,./0.png
94.881072,21.174087,,,,./0.png
94.88236,21.174239,,,,./0.png
94.882739,21.173958,,,,./0.png
94.882689,21.174217,,,,./0.png
94.882926,21.175368,,,,./0.png
94.884152,21.174785,,,,./0.png
94.884077,21.17556,,,,./0.png
94.883973,21.17573,,,,./0.png
94.885187,21.175981,,,,./0.png
94.885399,21.17591,,,,./0.png
94.88426,21.174,,,,./0.png
94.884077,21.173017,,,,./0.png
94.884043,21.172849,,,,./0.png
94.884072,21.17262,,,,./0.png
94.885362,21.173795,,,,./0.png
94.885237,21.173944,,,,./0.png
94.88693,21.175892,,,,./0.png
94.886837,21.176121,,,,./0.png
94.886756,21.176459,,,,./0.png
94.886757,21.176568,,,,./0.png
94.886501,21.17648,,,,./0.png
94.886457,21.176341,,,,./0.png
94.886287,21.176333,,,,./0.png
94.886497,21.176123,,,,./0.png
94.887606,21.17554,,,,./0.png
94.887238,21.175076,,,,./0.png
94.88558,21.176754,,,,./0.png
94.885571,21.178671,,,,./0.png
94.884641,21.179123,,,,./0.png
94.883126,21.179479,,,,./0.png
94.882703,21.178836,,,,./0.png
94.881821,21.180599,,,,./0.png
94.879444,21.175676,,,,./0.png
94.879587,21.176082,,,,./0.png
94.879619,21.176132,,,,./0.png
94.879642,21.17628,,,,./0.png
94.879362,21.175964,,,,./0.png
94.892126,21.17926,,,,./0.png
94.891962,21.178873,,,,./0.png
94.89224,21.178991,,,,./0.png
94.892448,21.179476,,,,./0.png
94.892464,21.179029,,,,./0.png
94.894432,21.180011,,,,./0.png
94.900394,21.177375,,,,./0.png
94.898874,21.176102,,,,./0.png
94.901498,21.183627,,,,./0.png
94.910977,21.187675,,,,./0.png
94.912603,21.191897,,,,./0.png
94.912199,21.191869,,,,./0.png
94.910106,21.18769,,,,./0.png
94.910888,21.185619,,,,./0.png
94.925477,21.207139,,,,./0.png
94.925542,21.207188,,,,./0.png
94.925156,21.206912,,,,./0.png
94.89544,21.193158,,,,./0.png
94.895136,21.193497,,,,./0.png
94.894862,21.193697,,,,./0.png
94.889953,21.192215,,,,./0.png
94.890005,21.192096,,,,./0.png
94.888858,21.193006,,,,./0.png
94.889518,21.193092,,,,./0.png
94.889728,21.192892,,,,./0.png
94.889594,21.19325,,,,./0.png
94.880951,21.186286,,,,./0.png
94.881109,21.186156,,,,./0.png
94.881236,21.186126,,,,./0.png
94.881216,21.186235,,,,./0.png
94.882866,21.186434,,,,./0.png
94.881667,21.185746,,,,./0.png
94.881707,21.185547,,,,./0.png
94.882685,21.18726,,,,./0.png
94.883283,21.187525,,,,./0.png
94.883467,21.187742,,,,./0.png
94.882118,21.185237,,,,./0.png
94.882303,21.184779,,,,./0.png
94.88189,21.183162,,,,./0.png
94.882698,21.183147,,,,./0.png
94.88066,21.182493,,,,./0.png
94.88065,21.182553,,,,./0.png
94.880724,21.182582,,,,./0.png
94.875699,21.183633,,,,./0.png
94.877028,21.182851,,,,./0.png
94.87579,21.182371,,,,./0.png
94.875759,21.182511,,,,./0.png
94.875735,21.182233,,,,./0.png
94.875765,21.182083,,,,./0.png
94.875926,21.182271,,,,./0.png
94.875914,21.181218,,,,./0.png
94.875933,21.181049,,,,./0.png
94.876071,21.181068,,,,./0.png
94.87805,21.182051,,,,./0.png
94.877977,21.18222,,,,./0.png
94.878369,21.182079,,,,./0.png
94.878372,21.182327,,,,./0.png
94.87495,21.180657,,,,./0.png
94.875129,21.180537,,,,./0.png
94.875181,21.180408,,,,./0.png
94.874597,21.180451,,,,./0.png
94.874568,21.180679,,,,./0.png
94.874246,21.180473,,,,./0.png
94.873855,21.180654,,,,./0.png
94.874674,21.181593,,,,./0.png
94.874515,21.181614,,,,./0.png
94.87442,21.181664,,,,./0.png
94.873521,21.181132,,,,./0.png
94.873361,21.181133,,,,./0.png
94.874071,21.179162,,,,./0.png
94.874126,21.179321,,,,./0.png
94.872479,21.178545,,,,./0.png
94.872449,21.178665,,,,./0.png
94.872194,21.178716,,,,./0.png
94.872224,21.178537,,,,./0.png
94.872075,21.178518,,,,./0.png
94.872036,21.178846,,,,./0.png
94.872292,21.178864,,,,./0.png
94.87243,21.178864,,,,./0.png
94.872526,21.178883,,,,./0.png
94.872399,21.178963,,,,./0.png
94.872315,21.179013,,,,./0.png
94.872358,21.179073,,,,./0.png
94.870582,21.183364,,,,./0.png
94.870551,21.183443,,,,./0.png
94.869842,21.182782,,,,./0.png
94.869818,21.182613,,,,./0.png
94.870264,21.182541,,,,./0.png
94.870283,21.182342,,,,./0.png
94.870196,21.182214,,,,./0.png
94.870174,21.182134,,,,./0.png
94.870173,21.182025,,,,./0.png
94.870192,21.181866,,,,./0.png
94.870233,21.181737,,,,./0.png
94.870073,21.181698,,,,./0.png
94.869988,21.181678,,,,./0.png
94.869933,21.181579,,,,./0.png
94.86971,21.18159,,,,./0.png
94.870012,21.181042,,,,./0.png
94.870118,21.181012,,,,./0.png
94.870106,21.180893,,,,./0.png
94.870305,21.180713,,,,./0.png
94.870304,21.180574,,,,./0.png
94.870049,21.180575,,,,./0.png
94.869664,21.180438,,,,./0.png
94.869078,21.180283,,,,./0.png
94.869216,21.180262,,,,./0.png
94.868615,21.180663,,,,./0.png
94.868648,21.180752,,,,./0.png
94.86867,21.180831,,,,./0.png
94.868717,21.17948,,,,./0.png
94.868608,21.179262,,,,./0.png
94.869533,21.179257,,,,./0.png
94.869681,21.179177,,,,./0.png
94.869757,21.179335,,,,./0.png
94.870069,21.178797,,,,./0.png
94.870034,21.178509,,,,./0.png
94.86992,21.178728,,,,./0.png
94.869918,21.17857,,,,./0.png
94.869863,21.178431,,,,./0.png
94.86975,21.178769,,,,./0.png
94.870256,21.178399,,,,./0.png
94.870492,21.178626,,,,./0.png
94.870538,21.178874,,,,./0.png
94.870499,21.179123,,,,./0.png
94.870844,21.179578,,,,./0.png
94.870972,21.179607,,,,./0.png
94.870723,21.180115,,,,./0.png
94.871942,21.17979,,,,./0.png
94.872159,21.180166,,,,./0.png
94.873147,21.176674,,,,./0.png
94.873135,21.176515,,,,./0.png
94.872959,21.177828,,,,./0.png
94.873075,21.177747,,,,./0.png
94.873181,21.177687,,,,./0.png
94.873201,21.177568,,,,./0.png
94.87469,21.177669,,,,./0.png
94.874713,21.177818,,,,./0.png
94.874575,21.177789,,,,./0.png
94.875124,21.177517,,,,./0.png
94.87489,21.177519,,,,./0.png
94.875747,21.177137,,,,./0.png
94.875935,21.176927,,,,./0.png
94.874444,21.176657,,,,./0.png
94.874329,21.176807,,,,./0.png
94.87402,21.176739,,,,./0.png
94.874002,21.177027,,,,./0.png
94.874554,21.17613,,,,./0.png
94.872952,21.177222,,,,./0.png
94.87191,21.178032,,,,./0.png
94.871782,21.178023,,,,./0.png
94.873941,21.175498,,,,./0.png
94.873975,21.175666,,,,./0.png
94.875442,21.177436,,,,./0.png
94.875358,21.177526,,,,./0.png
94.875624,21.177505,,,,./0.png
94.87559,21.177396,,,,./0.png
94.875296,21.177685,,,,./0.png
94.875169,21.177716,,,,./0.png
94.875837,21.178408,,,,./0.png
94.876126,21.178644,,,,./0.png
94.87651,21.178712,,,,./0.png
94.869789,21.176752,,,,./0.png
94.86999,21.176632,,,,./0.png
94.869462,21.175195,,,,./0.png
94.870032,21.174893,,,,./0.png
94.870273,21.174544,,,,./0.png
94.870422,21.174564,,,,./0.png
94.870377,21.174375,,,,./0.png
94.870707,21.174453,,,,./0.png
94.871239,21.174499,,,,./0.png
94.872159,21.17667,,,,./0.png
94.87233,21.176758,,,,./0.png
94.872468,21.176767,,,,./0.png
94.872456,21.176608,,,,./0.png
94.871281,21.177002,,,,./0.png
94.86467,21.177973,,,,./0.png
94.864545,21.178182,,,,./0.png
94.864375,21.178183,,,,./0.png
94.864398,21.178302,,,,./0.png
94.864302,21.178283,,,,./0.png
94.864383,21.177994,,,,./0.png
94.864574,21.177914,,,,./0.png
94.864432,21.180209,,,,./0.png
94.863684,21.179945,,,,./0.png
94.863533,21.180591,,,,./0.png
94.864716,21.175628,,,,./0.png
94.864782,21.175787,,,,./0.png
94.867861,21.175541,,,,./0.png
94.860557,21.178025,,,,./0.png
94.857556,21.171585,,,,./0.png
94.857779,21.171573,,,,./0.png
94.857014,21.168965,,,,./0.png
94.857137,21.169461,,,,./0.png
94.854841,21.16858,,,,./0.png
94.856723,21.167795,,,,./0.png
94.856845,21.168191,,,,./0.png
94.867071,21.172615,,,,./0.png
94.866143,21.172352,,,,./0.png
94.866035,21.172263,,,,./0.png
94.865961,21.172234,,,,./0.png
94.868192,21.174755,,,,./0.png
94.867075,21.173817,,,,./0.png
94.869078,21.174223,,,,./0.png
94.869108,21.174094,,,,./0.png
94.86916,21.173984,,,,./0.png
94.86919,21.173835,,,,./0.png
94.869252,21.173686,,,,./0.png
94.868142,21.173295,,,,./0.png
94.870671,21.172337,,,,./0.png
94.870545,21.172487,,,,./0.png
94.870364,21.172438,,,,./0.png
94.870424,21.17216,,,,./0.png
94.871321,21.172522,,,,./0.png
94.878717,21.179226,,,,./0.png
94.878107,21.178027,,,,./0.png
94.878002,21.178157,,,,./0.png
94.878239,21.17757,,,,./0.png
94.876951,21.177378,,,,./0.png
94.884389,21.181509,,,,./0.png
94.884556,21.181259,,,,./0.png
94.884653,21.181338,,,,./0.png
94.883627,21.179188,,,,./0.png
94.883607,21.179258,,,,./0.png
94.883438,21.179339,,,,./0.png
94.883321,21.179339,,,,./0.png
94.886484,21.183275,,,,./0.png
94.886177,21.183366,,,,./0.png
94.886368,21.18254,,,,./0.png
94.876555,21.163275,,,,./0.png
94.876153,21.163446,,,,./0.png
94.878378,21.162917,,,,./0.png
94.878772,21.162974,,,,./0.png
94.878258,21.16261,,,,./0.png
94.878725,21.162577,,,,./0.png
94.879067,21.162754,,,,./0.png
94.87888,21.163947,,,,./0.png
94.879413,21.164044,,,,./0.png
94.87951,21.164192,,,,./0.png
94.879581,21.163923,,,,./0.png
94.883569,21.165848,,,,./0.png
94.882884,21.167193,,,,./0.png
94.882723,21.167005,,,,./0.png
94.882636,21.166857,,,,./0.png
94.882834,21.166587,,,,./0.png
94.882322,21.166421,,,,./0.png
94.883575,21.163702,,,,./0.png
94.885313,21.16414,,,,./0.png
94.885348,21.164427,,,,./0.png
94.884435,21.162744,,,,./0.png
94.884642,21.162306,,,,./0.png
94.88601,21.161185,,,,./0.png
94.886732,21.1629,,,,./0.png
94.886445,21.159425,,,,./0.png
94.8862,21.159406,,,,./0.png
94.884886,21.160556,,,,./0.png
94.884751,21.160805,,,,./0.png
94.88458,21.160737,,,,./0.png
94.884533,21.160349,,,,./0.png
94.884766,21.160338,,,,./0.png
94.883474,21.160653,,,,./0.png
94.883367,21.160674,,,,./0.png
94.883219,21.160704,,,,./0.png
94.880614,21.158881,,,,./0.png
94.889109,21.161724,,,,./0.png
94.889117,21.161496,,,,./0.png
94.889227,21.160979,,,,./0.png
94.876671,21.158933,,,,./0.png
94.876712,21.158734,,,,./0.png
94.876965,21.158564,,,,./0.png
94.876848,21.158574,,,,./0.png
94.876784,21.158565,,,,./0.png
94.876592,21.158556,,,,./0.png
94.87554,21.16027,,,,./0.png
94.875105,21.160293,,,,./0.png
94.875176,21.160034,,,,./0.png
94.871193,21.159391,,,,./0.png
94.871195,21.158735,,,,./0.png
94.880796,21.154649,,,,./0.png
94.87848,21.148681,,,,./0.png
94.87862,21.14885,,,,./0.png
94.878608,21.14874,,,,./0.png
94.879529,21.148388,,,,./0.png
94.879501,21.148696,,,,./0.png
94.879416,21.148696,,,,./0.png
94.879369,21.148398,,,,./0.png
94.879263,21.148379,,,,./0.png
94.879291,21.148031,,,,./0.png
94.879537,21.148189,,,,./0.png
94.879557,21.148099,,,,./0.png
94.879534,21.14798,,,,./0.png
94.879533,21.147881,,,,./0.png
94.879632,21.148168,,,,./0.png
94.879781,21.148178,,,,./0.png
94.87993,21.148157,,,,./0.png
94.879826,21.148366,,,,./0.png
94.87967,21.147761,,,,./0.png
94.879658,21.147652,,,,./0.png
94.879786,21.147681,,,,./0.png
94.879467,21.147722,,,,./0.png
94.880309,21.147877,,,,./0.png
94.880297,21.147748,,,,./0.png
94.879468,21.146888,,,,./0.png
94.879575,21.146937,,,,./0.png
94.87967,21.146887,,,,./0.png
94.879216,21.147187,,,,./0.png
94.88149,21.146291,,,,./0.png
94.881548,21.146668,,,,./0.png
94.88169,21.146935,,,,./0.png
94.881382,21.146987,,,,./0.png
94.881213,21.147047,,,,./0.png
94.881128,21.147067,,,,./0.png
94.881022,21.147098,,,,./0.png
94.881142,21.147355,,,,./0.png
94.881111,21.147455,,,,./0.png
94.881335,21.147483,,,,./0.png
94.881337,21.147613,,,,./0.png
94.881179,21.147762,,,,./0.png
94.881128,21.147961,,,,./0.png
94.881246,21.14801,,,,./0.png
94.881425,21.14792,,,,./0.png
94.881576,21.148068,,,,./0.png
94.881642,21.148286,,,,./0.png
94.882136,21.147777,,,,./0.png
94.883257,21.146489,,,,./0.png
94.88315,21.14647,,,,./0.png
94.883176,21.145933,,,,./0.png
94.88292,21.145845,,,,./0.png
94.882781,21.145816,,,,./0.png
94.882625,21.146086,,,,./0.png
94.882471,21.146523,,,,./0.png
94.88245,21.146583,,,,./0.png
94.882483,21.146653,,,,./0.png
94.882357,21.146772,,,,./0.png
94.882344,21.146604,,,,./0.png
94.883052,21.147077,,,,./0.png
94.882359,21.145213,,,,./0.png
94.882334,21.144935,,,,./0.png
94.881764,21.145216,,,,./0.png
94.881887,21.144878,,,,./0.png
94.881876,21.144798,,,,./0.png
94.881875,21.144699,,,,./0.png
94.881501,21.144592,,,,./0.png
94.881543,21.144492,,,,./0.png
94.885183,21.144949,,,,./0.png
94.885614,21.145453,,,,./0.png
94.885115,21.145515,,,,./0.png
94.88503,21.145506,,,,./0.png
94.884892,21.145477,,,,./0.png
94.886802,21.146152,,,,./0.png
94.882069,21.143258,,,,./0.png
94.882039,21.143337,,,,./0.png
94.881997,21.143427,,,,./0.png
94.881788,21.143716,,,,./0.png
94.882199,21.14432,,,,./0.png
94.881987,21.144351,,,,./0.png
94.882478,21.143663,,,,./0.png
94.882253,21.143525,,,,./0.png
94.882862,21.142866,,,,./0.png
94.882872,21.142806,,,,./0.png
94.881932,21.142424,,,,./0.png
94.881847,21.142434,,,,./0.png
94.881816,21.142534,,,,./0.png
94.881764,21.142614,,,,./0.png
94.883571,21.142653,,,,./0.png
94.883789,21.143079,,,,./0.png
94.883805,21.142692,,,,./0.png
94.881289,21.143769,,,,./0.png
94.88128,21.143908,,,,./0.png
94.881282,21.144047,,,,./0.png
94.881326,21.144186,,,,./0.png
94.880931,21.143999,,,,./0.png
94.878609,21.143575,,,,./0.png
94.878547,21.143704,,,,./0.png
94.878365,21.143636,,,,./0.png
94.878491,21.143506,,,,./0.png
94.873699,21.146165,,,,./0.png
94.873332,21.150895,,,,./0.png
94.872438,21.150861,,,,./0.png
94.872297,21.150593,,,,./0.png
94.873191,21.150658,,,,./0.png
94.873371,21.150657,,,,./0.png
94.873446,21.150666,,,,./0.png
94.873327,21.150488,,,,./0.png
94.870573,21.14955,,,,./0.png
94.870348,21.149412,,,,./0.png
94.870591,21.149291,,,,./0.png
94.87073,21.149321,,,,./0.png
94.870974,21.149309,,,,./0.png
94.87085,21.149618,,,,./0.png
94.871032,21.149736,,,,./0.png
94.870852,21.149777,,,,./0.png
94.871093,21.149477,,,,./0.png
94.871123,21.149279,,,,./0.png
94.866929,21.152292,,,,./0.png
94.866812,21.152253,,,,./0.png
94.866697,21.152422,,,,./0.png
94.866656,21.152532,,,,./0.png
94.867101,21.151556,,,,./0.png
94.866231,21.154262,,,,./0.png
94.866778,21.154677,,,,./0.png
94.867275,21.155349,,,,./0.png
94.86795,21.156657,,,,./0.png
94.8671,21.156672,,,,./0.png
94.868016,21.156845,,,,./0.png
94.865735,21.156312,,,,./0.png
94.865903,21.153519,,,,./0.png
94.865519,21.153402,,,,./0.png
94.869731,21.151988,,,,./0.png
94.86973,21.151899,,,,./0.png
94.869299,21.151414,,,,./0.png
94.870084,21.14695,,,,./0.png
94.87396,21.145826,,,,./0.png
94.86637,21.146513,,,,./0.png
94.866523,21.145102,,,,./0.png
94.864023,21.146665,,,,./0.png
94.862866,21.146712,,,,./0.png
94.861737,21.145685,,,,./0.png
94.860617,21.146177,,,,./0.png
94.860565,21.146317,,,,./0.png
94.860555,21.146376,,,,./0.png
94.862224,21.14292,,,,./0.png
94.862118,21.142921,,,,./0.png
94.862053,21.142842,,,,./0.png
94.862135,21.142573,,,,./0.png
94.86241,21.142472,,,,./0.png
94.863592,21.142635,,,,./0.png
94.863552,21.142824,,,,./0.png
94.864347,21.143544,,,,./0.png
94.864527,21.143524,,,,./0.png
94.865058,21.143461,,,,./0.png
94.860881,21.144279,,,,./0.png
94.860877,21.144835,,,,./0.png
94.867211,21.140479,,,,./0.png
94.869207,21.142961,,,,./0.png
94.869205,21.142842,,,,./0.png
94.86207,21.139802,,,,./0.png
94.863135,21.140025,,,,./0.png
94.863146,21.140084,,,,./0.png
94.863189,21.140134,,,,./0.png
94.863085,21.140283,,,,./0.png
94.863052,21.140164,,,,./0.png
94.863039,21.140035,,,,./0.png
94.865716,21.139037,,,,./0.png
94.866046,21.139075,,,,./0.png
94.86609,21.139184,,,,./0.png
94.866102,21.139353,,,,./0.png
94.861681,21.141066,,,,./0.png
94.860995,21.139728,,,,./0.png
94.861822,21.139505,,,,./0.png
94.858953,21.136034,,,,./0.png
94.858944,21.136164,,,,./0.png
94.858956,21.136332,,,,./0.png
94.858958,21.136432,,,,./0.png
94.858638,21.136354,,,,./0.png
94.867577,21.138312,,,,./0.png
94.867365,21.138283,,,,./0.png
94.866853,21.137253,,,,./0.png
94.869151,21.138382,,,,./0.png
94.866308,21.137057,,,,./0.png
94.866309,21.137156,,,,./0.png
94.866311,21.137256,,,,./0.png
94.866422,21.137642,,,,./0.png
94.869839,21.137246,,,,./0.png
94.869899,21.136113,,,,./0.png
94.87017,21.136539,,,,./0.png
94.868609,21.134859,,,,./0.png
94.868904,21.134698,,,,./0.png
94.863072,21.130429,,,,./0.png
94.862461,21.130045,,,,./0.png
94.863064,21.129833,,,,./0.png
94.863115,21.129654,,,,./0.png
94.8626,21.12923,,,,./0.png
94.862807,21.128791,,,,./0.png
94.862963,21.128453,,,,./0.png
94.863442,21.12853,,,,./0.png
94.863646,21.129582,,,,./0.png
94.863659,21.12977,,,,./0.png
94.862397,21.129122,,,,./0.png
94.86229,21.129102,,,,./0.png
94.863201,21.128839,,,,./0.png
94.863036,21.129217,,,,./0.png
94.863016,21.129317,,,,./0.png
94.862818,21.129666,,,,./0.png
94.862706,21.130054,,,,./0.png
94.862823,21.130063,,,,./0.png
94.864359,21.128843,,,,./0.png
94.864504,21.129338,,,,./0.png
94.866248,21.128604,,,,./0.png
94.947582,21.122103,,,,./0.png
94.945878,21.12263,,,,./0.png
